home_country,home_wins,home_win_percentage
Australia,74,71.15384615384616
Bangladesh,4,10.526315789473683
England,36,52.94117647058824
India,53,55.78947368421052
Kenya,3,14.285714285714285
New Zealand,46,54.761904761904766
Pakistan,40,64.51612903225806
South Africa,80,75.47169811320755
Sri Lanka,66,81.48148148148148
West Indies,30,50.847457627118644
Zimbabwe,20,26.666666666666668
