home_country,home_wins,home_win_percentage,total_home_matches
Australia,74,71.15384615384616,104
Bangladesh,4,10.526315789473683,38
England,36,52.94117647058824,68
India,53,55.78947368421052,95
Kenya,3,14.285714285714285,21
New Zealand,46,54.761904761904766,84
Pakistan,40,64.51612903225806,62
South Africa,80,75.47169811320755,106
Sri Lanka,66,81.48148148148148,81
West Indies,30,50.847457627118644,59
Zimbabwe,20,26.666666666666668,75
